Gas Cooker,Fresh Provenal Cooker 90,,,,
Gas Cooker,Fresh Hamer Cooker 4 St.,,,,
air conditioning,Union Tech air conditioning 1.50 hp cold,,,,
refrigerator,Pico Refrigerator 19 feet,,,,
refrigerator,Picot 18 -foot refrigerator,,,,
refrigerator,Pico Refrigerator 14 feet,,,,
refrigerator,Fresh refrigerator 16 BC black,,,,
refrigerator,Fresh Fish Refrigerator 14 BC Standing,,,,
refrigerator,Fresh Fish Refrigerator 14 BC Black,,,,
refrigerator,Fresh refrigerator 14 BC,,,,
Yogurt Machine,Zahran yogurt Machine,,,,
LCD stand,LCD stand 26-55 inch,,,,
LCD stand,LCD mobile holder,,,,
Blender,Molinix  Mixer 350 W.,,,,
Blender,Molinix hand mixer 350 wd100141,,,,
Set,3D Printed Single  Bed sheet Set,,,,
Set,Printed 3D Double Bed sheet Set,,,,
Set,3D Printed  Queen Bed sheet Set,,,,
Mattresses,Double Bed Mattress,,,,
Mattresses,Single Bed Mattress,,,,
Curtain,Curtain 200*240,,,,
Home Appliances,Water container,,,,
Home Appliances,Dinnerware and serving,,,,
Home Appliances,Kitchen appliances,,,,
Home Appliances,Dinnerware,,,,
Home Appliances,Presentation tools,,,,
Home Appliances,Polat,,,,
Home Appliances,Dinner sets,,,,
Home Appliances,Food tools,,,,
Home Appliances,Drinking utensils,,,,
Home Appliances,Cooking tools,,,,
Home Appliances,Knives and cutters,,,,
Home Appliances,The solution,,,,
Home Appliances,Oven trays,,,,
Home Appliances,Bowls,,,,
Home Appliances,Pressure suit,,,,
